0,204.009093
0.127029,210.000000
0.254058,210.000000
0.381087,210.000000
0.508116,210.000000
0.635145,210.000000
0.762174,210.000000
0.889203,210.000000
1.01623,210.000000
1.14326,141.960417
1.27029,141.960417
1.39732,141.960417
1.52435,141.960417
1.65138,141.960417
1.77841,141.960417
1.90543,141.960417
2.03246,141.960417
2.15949,141.703664
2.28652,141.703664
2.41355,139.478470
2.54058,139.478470
2.66761,139.478470
2.79464,139.478470
2.92166,139.478470
3.04869,139.478470
3.17572,139.478470
3.30275,139.136133
3.42978,139.136133
3.81087,139.093340
3.9379,139.136133
4.06493,139.178925
4.19196,139.221717
4.31898,139.221717
4.44601,139.221717
4.57304,139.221717
4.70007,139.221717
4.8271,139.221717
4.95413,139.221717
5.08116,139.221717
5.20819,139.221717
5.33521,139.221717
5.46224,139.136133
5.58927,139.136133
5.7163,138.708211
5.84333,138.708211
5.97036,138.708211
6.09739,138.665419
6.22442,138.451458
6.35145,138.451458
6.47848,138.451458
6.6055,138.451458
6.73253,138.451458
6.85956,138.451458
6.98659,138.451458
7.11362,138.451458
7.24065,138.793795
7.36768,138.793795
7.49471,139.221717
7.62174,139.221717
7.74876,139.221717
7.87579,139.221717
8.00282,139.221717
8.12985,139.221717
8.25688,139.221717
8.38391,139.221717
8.51094,139.136133
8.63797,139.136133
8.765,134.343407
8.89203,134.343407
9.01905,134.343407
9.14608,134.257823
9.27311,134.257823
9.52717,133.829901
10.2893,133.401979
10.4164,133.872693
10.5434,133.915485
10.6704,133.915485
10.7975,133.915485
10.9245,134.343407
11.0515,134.343407
11.1785,134.343407
11.3056,134.343407
11.4326,134.343407
11.5596,134.343407
11.6867,134.343407
11.8137,134.343407
11.9407,134.343407
12.0677,134.343407
12.1948,134.172239
12.3218,134.172239
12.4488,133.658732
12.5759,133.658732
12.7029,133.573148
12.8299,132.674512
12.957,132.845681
13.084,132.845681
13.211,133.102434
13.338,133.102434
13.4651,134.257823
13.5921,134.343407
13.7191,134.343407
13.8462,134.343407
13.9732,134.343407
14.1002,135.969511
14.2272,135.969511
14.3543,135.969511
14.4813,135.969511
14.6083,136.140679
14.7354,136.140679
14.8624,136.397432
14.9894,136.397432
15.1164,137.167692
15.2435,137.167692
15.3705,137.937951
15.4975,137.937951
15.6246,137.937951
15.7516,137.937951
15.8786,137.937951
16.0056,137.937951
16.1327,139.478470
16.2597,139.478470
16.3867,139.478470
16.5138,139.478470
16.6408,139.478470
16.7678,139.478470
16.8948,139.478470
17.0219,139.478470
17.1489,139.478470
17.2759,139.478470
17.403,139.478470
17.53,139.478470
17.657,139.221717
17.7841,139.221717
17.9111,139.221717
18.0381,139.221717
18.1651,139.221717
18.2922,139.221717
18.4192,139.221717
18.5462,139.221717
18.6733,139.221717
18.8003,139.221717
18.9273,139.136133
19.0543,139.136133
19.1814,137.681198
19.3084,137.681198
19.4354,137.681198
19.5625,136.654186
19.6895,136.654186
19.8165,136.654186
21.7219,134.343407
21.849,134.343407
21.976,134.343407
22.103,134.343407
22.2301,134.343407
22.3571,134.343407
22.4841,134.343407
22.6111,134.343407
22.7382,134.343407
22.8652,134.343407
22.9922,134.343407
23.1193,134.343407
23.2463,134.343407
23.3733,134.343407
23.5004,134.343407
23.6274,134.343407
24.0085,136.183472
24.1355,136.183472
24.2625,136.183472
24.3896,136.183472
24.5166,136.183472
24.6436,136.183472
24.7706,136.183472
24.8977,136.183472
25.0247,136.183472
25.1517,136.183472
25.2788,136.183472
25.4058,136.183472
25.5328,136.140679
25.6598,136.097887
25.7869,134.343407
25.9139,134.343407
26.0409,134.343407
26.168,134.343407
26.295,134.343407
26.422,134.343407
26.549,134.343407
26.6761,134.343407
26.8031,134.129446
26.9301,134.129446
27.0572,134.129446
27.1842,134.129446
27.3112,132.588928
27.4383,132.588928
27.5653,132.417759
27.6923,132.417759
27.8193,131.818668
27.9464,131.818668
28.0734,131.818668
28.2004,131.818668
28.3275,131.818668
28.4545,131.818668
28.5815,131.390746
28.7085,131.390746
28.8356,131.390746
28.9626,131.390746
29.3437,132.417759
29.4707,132.417759
29.5977,133.615940
29.7248,133.615940
29.8518,133.701524
29.9788,133.701524
30.1059,134.343407
30.2329,134.343407
30.3599,134.343407
30.4869,134.343407
30.614,134.343407
30.741,134.343407
30.868,134.343407
30.9951,134.343407
31.1221,136.183472
31.2491,136.183472
31.3761,136.183472
31.5032,136.183472
31.6302,136.183472
31.7572,136.183472
31.8843,136.183472
32.0113,136.183472
32.1383,136.183472
32.2653,136.183472
32.3924,136.183472
32.5194,136.183472
32.6464,136.183472
32.7735,134.343407
32.9005,134.343407
33.0275,134.343407
33.1546,134.343407
33.2816,134.343407
33.4086,133.359187
33.5356,133.359187
33.6627,133.359187
33.7897,133.359187
33.9167,132.845681
34.0438,132.845681
34.1708,132.246590
34.2978,132.246590
34.4248,132.246590
34.5519,132.246590
34.6789,132.246590
34.8059,132.246590
34.933,131.818668
35.06,131.818668
35.187,131.133993
35.314,131.133993
35.4411,131.133993
35.5681,131.133993
35.6951,131.133993
35.8222,131.133993
35.9492,128.823215
36.0762,128.823215
36.2032,127.796202
36.3303,127.796202
36.4573,127.881787
36.5843,127.881787
36.7114,128.138540
36.8384,128.138540
36.9654,128.138540
37.0924,128.138540
37.2195,128.138540
37.3465,128.138540
37.4735,128.138540
37.6006,128.138540
37.7276,127.967371
37.8546,127.967371
44.3331,149.363466
44.4601,149.363466
44.5872,149.363466
44.7142,149.363466
44.8412,149.363466
44.9682,149.363466
45.0953,149.363466
45.2223,149.363466
45.3493,147.822947
45.4764,147.822947
45.6034,147.822947
45.7304,147.822947
45.8574,147.822947
45.9845,147.822947
46.1115,144.485156
46.2385,144.485156
46.3656,143.030222
46.4926,143.030222
46.6196,143.030222
46.7466,143.030222
46.8737,143.543728
47.0007,143.543728
47.1277,143.800481
47.2548,143.800481
47.3818,143.800481
47.5088,143.800481
47.6358,143.800481
47.7629,143.800481
47.8899,143.800481
48.0169,143.800481
48.144,143.800481
48.271,143.800481
48.6521,144.057235
48.7791,144.057235
48.9061,144.057235
49.0332,144.057235
49.1602,144.057235
49.2872,144.057235
49.4143,144.057235
49.5413,144.057235
49.6683,144.057235
49.7953,144.057235
49.9224,144.057235
50.0494,144.057235
50.1764,144.057235
50.3035,144.057235
50.4305,144.057235
50.5575,144.057235
50.6845,144.057235
50.8116,144.057235
50.9386,143.971650
51.0656,143.971650
51.1927,143.115806
51.3197,143.115806
51.4467,142.602300
51.5737,142.602300
51.7008,139.478470
51.8278,139.478470
51.9548,139.264509
52.0819,139.264509
52.2089,139.007756
52.3359,139.007756
52.4629,139.007756
52.59,139.007756
52.717,139.007756
52.844,139.007756
53.4792,138.751003
53.6062,138.751003
53.7332,141.575288
53.8603,141.575288
53.9873,141.575288
54.1143,141.575288
54.2414,141.575288
54.3684,141.575288
54.4954,141.575288
58.5603,137.039315
58.6874,137.039315
58.8144,137.039315
58.9414,137.039315
59.0685,137.039315
59.1955,137.039315
59.3225,137.039315
59.4495,137.039315
59.5766,136.953731
59.7036,136.953731
59.8306,136.953731
59.9577,136.953731
60.0847,137.467237
60.2117,137.467237
60.3387,137.552822
60.4658,137.552822
60.5928,138.066328
60.7198,138.066328
60.8469,138.751003
60.9739,138.751003
61.1009,138.751003
61.2279,138.751003
61.355,138.751003
61.482,138.751003
61.609,138.751003
61.7361,138.751003
61.8631,138.751003
61.9901,138.751003
62.1171,138.751003
62.2442,138.751003
62.3712,136.440225
62.4982,136.440225
62.8793,136.012303
63.0064,136.012303
63.1334,136.269056
63.2604,136.269056
63.3874,136.269056
63.5145,136.269056
63.6415,136.269056
63.7685,136.269056
63.8956,136.269056
64.0226,136.269056
64.1496,136.354640
64.2766,136.354640
64.4037,137.210484
64.5307,137.210484
64.6577,137.296068
64.7848,137.296068
64.9118,137.296068
65.0388,137.296068
65.1658,137.296068
65.2929,137.296068
65.4199,137.296068
65.5469,137.296068
65.674,137.296068
65.801,137.296068
65.928,137.296068
66.055,137.296068
66.6902,136.525809
66.8172,136.525809
66.9442,136.868147
67.0713,136.868147
67.1983,137.039315
67.3253,137.039315
67.4524,137.039315
67.5794,137.039315
67.7064,137.467237
67.8335,137.467237
67.9605,137.467237
68.0875,137.467237
68.2145,137.467237
68.3416,137.467237
68.4686,137.980744
68.5956,137.980744
68.7227,138.151912
68.8497,138.151912
68.9767,138.579834
69.1037,138.579834
69.2308,138.579834
69.3578,138.579834
69.4848,138.579834
69.6119,138.579834
69.7389,138.964964
69.8659,139.007756
69.9929,139.007756
70.12,139.007756
70.247,139.221717
70.374,139.264509
70.5011,139.307301
70.6281,139.350094
70.7551,139.350094
70.8821,139.350094
71.0092,139.350094
71.1362,139.350094
71.2632,139.350094
71.3903,139.350094
71.5173,139.264509
71.6443,139.264509
71.7713,139.307301
71.8984,139.350094
72.0254,139.478470
72.1524,139.478470
72.2795,139.478470
72.4065,139.478470
72.5335,141.232950
72.6606,141.318534
72.7876,141.318534
72.9146,141.318534
73.0416,141.318534
73.1687,141.318534
73.2957,141.318534
73.4227,142.773469
73.5498,142.773469
73.6768,143.372560
73.8038,143.372560
73.9308,143.372560
74.0579,143.372560
74.1849,143.372560
74.3119,143.372560
74.439,144.485156
74.566,144.485156
74.693,147.822947
74.82,147.822947
74.9471,148.250869
75.0741,148.250869
75.2011,148.250869
75.3282,148.250869
75.4552,148.250869
75.5822,148.250869
75.7092,148.250869
75.8363,148.250869
75.9633,148.250869
76.0903,148.250869
76.2174,149.791388
76.3444,149.791388
76.4714,149.791388
76.5984,149.791388
76.7255,149.791388
76.8525,149.791388
76.9795,149.791388
77.1066,149.791388
77.2336,149.791388
77.3606,149.791388
77.4877,149.791388
77.6147,149.791388
77.7417,149.277882
77.8687,149.277882
77.9958,149.192297
78.1228,149.192297
78.2498,149.192297
78.3769,149.192297
78.5039,149.192297
78.6309,149.192297
78.7579,149.192297
78.885,149.192297
79.012,149.106713
79.139,149.106713
79.2661,147.908532
79.3931,147.908532
79.5201,147.908532
79.6471,147.908532
79.7742,144.142819
79.9012,144.142819
80.0282,143.458144
80.1553,143.458144
80.2823,143.115806
80.4093,143.115806
80.5363,143.115806
80.6634,143.115806
80.7904,143.115806
80.9174,143.115806
81.0445,142.602300
81.1715,142.602300
81.2985,142.602300
81.4255,142.559508
82.3147,142.645092
82.4418,142.645092
82.5688,142.645092
82.6958,142.687884
82.8229,142.730677
82.9499,142.773469
83.0769,144.271196
83.204,144.313988
83.331,144.313988
83.458,144.313988
83.585,146.581974
83.7121,146.624766
83.8391,146.624766
83.9661,146.710350
84.0932,146.710350
84.2202,146.710350
84.3472,146.924311
84.4742,146.967104
84.6013,147.009896
84.7283,147.009896
84.8553,147.095480
84.9824,147.095480
85.1094,147.181064
85.2364,147.181064
85.3634,147.181064
85.4905,147.181064
85.6175,147.865740
85.7445,147.865740
85.8716,148.122493
85.9986,148.122493
86.1256,148.208077
86.2526,148.208077
86.3797,148.208077
86.5067,148.208077
86.6337,148.208077
86.7608,148.208077
86.8878,148.208077
87.0148,148.208077
87.1418,148.208077
87.2689,148.208077
87.3959,148.165285
87.5229,148.122493
87.65,147.480610
87.777,147.437818
87.904,147.437818
88.0311,147.437818
88.1581,147.437818
88.2851,147.437818
88.4121,147.437818
88.5392,147.437818
88.6662,146.967104
88.7932,146.924311
88.9203,146.924311
89.0473,146.924311
89.1743,146.924311
89.3013,146.924311
89.4284,144.485156
89.5554,144.485156
89.6824,144.485156
89.8095,144.485156
89.9365,144.485156
90.0635,144.485156
90.1905,144.228403
90.3176,144.185611
90.4446,144.185611
90.5716,144.185611
90.6987,144.185611
90.8257,144.185611
90.9527,143.201391
91.0797,143.158599
91.2068,141.874833
91.3338,141.874833
91.7149,141.361327
91.8419,141.361327
91.9689,141.874833
92.096,141.874833
92.223,141.874833
92.35,141.874833
92.4771,141.874833
92.6041,141.874833
92.7311,141.874833
92.8582,141.874833
92.9852,141.874833
93.1122,141.874833
93.2392,141.874833
93.3663,141.874833
93.4933,141.789248
93.6203,141.789248
93.7474,141.618080
93.8744,141.618080
94.5095,139.478470
94.6366,139.478470
94.7636,139.478470
94.8906,139.478470
95.0176,139.478470
95.1447,139.478470
95.2717,139.478470
95.3987,139.478470
95.5258,138.879380
95.6528,138.879380
95.7798,138.451458
95.9068,138.451458
96.0339,138.109120
96.1609,138.109120
96.2879,138.023536
96.415,138.023536
96.542,136.226264
96.669,136.226264
96.796,136.226264
96.9231,136.226264
97.0501,136.226264
97.1771,136.226264
97.3042,136.226264
97.4312,136.226264
97.5582,136.226264
97.6853,136.226264
97.8123,136.226264
97.9393,136.226264
98.0663,136.226264
98.1934,136.226264
98.3204,136.226264
98.4474,136.226264
98.5745,134.343407
98.7015,134.343407
98.8285,134.343407
98.9555,134.343407
99.0826,134.343407
99.2096,134.343407
99.3366,134.343407
99.4637,134.343407
100.099,138.023536
100.226,138.023536
100.353,138.109120
100.48,138.109120
100.607,138.109120
100.734,138.109120
100.861,138.109120
100.988,138.109120
101.115,138.365873
101.242,138.365873
101.369,139.478470
101.496,139.478470
101.623,139.478470
101.75,139.478470
101.877,139.478470
102.004,139.478470
102.131,139.478470
102.258,139.478470
102.893,139.478470
103.02,139.478470
103.147,139.478470
103.275,139.478470
103.402,139.478470
103.529,139.478470
103.656,139.478470
103.783,139.478470
104.164,138.622626
104.291,138.622626
104.418,138.622626
104.545,138.622626
104.672,138.622626
104.799,138.622626
104.926,138.622626
105.053,138.622626
105.18,138.451458
105.307,138.451458
105.434,138.451458
105.561,138.365873
105.688,138.365873
105.815,138.280289
105.942,137.766783
106.069,137.766783
106.196,137.595614
106.323,137.595614
106.45,137.681198
106.577,137.681198
106.704,137.723990
106.831,137.766783
106.958,137.809575
107.085,137.809575
107.212,137.809575
107.339,137.809575
107.466,137.809575
107.594,137.809575
107.721,137.809575
107.848,137.766783
107.975,137.723990
108.102,137.595614
108.229,137.595614
108.356,137.595614
108.483,137.595614
108.61,137.595614
108.737,137.595614
108.864,137.595614
108.991,137.595614
109.118,137.424445
109.245,137.424445
109.372,137.424445
109.499,137.424445
109.626,137.424445
109.753,137.424445
109.88,137.595614
110.007,137.595614
110.134,137.681198
110.261,137.681198
110.388,138.194704
110.515,138.194704
110.642,138.365873
110.769,138.365873
110.896,138.365873
111.023,138.365873
111.15,138.365873
111.277,138.365873
111.404,138.365873
111.531,138.365873
111.658,138.365873
116.994,136.910939
117.121,136.910939
117.248,137.852367
117.375,137.852367
117.502,138.622626
117.629,138.622626
117.756,138.622626
117.883,138.622626
118.01,138.622626
118.137,138.622626
118.264,138.622626
118.391,138.622626
118.518,144.485156
118.645,144.485156
118.772,144.485156
118.899,144.485156
119.026,144.485156
119.153,144.485156
119.28,144.485156
119.407,144.485156
119.534,144.485156
119.661,144.485156
119.788,144.356780
119.915,144.356780
120.042,143.244183
120.169,143.244183
120.296,143.073014
120.423,143.073014
120.55,141.703664
120.677,141.703664
120.805,139.478470
120.932,139.478470
121.059,139.478470
121.186,139.478470
121.313,139.478470
121.44,139.478470
121.821,141.446911
121.948,141.446911
122.075,141.446911
122.202,141.446911
122.329,141.446911
122.456,141.446911
122.583,141.532495
122.71,141.532495
122.837,142.302755
122.964,142.302755
123.091,142.730677
123.218,142.730677
123.345,142.987430
123.472,142.987430
123.599,142.987430
123.726,142.987430
123.853,143.886066
123.98,143.928858
124.107,143.928858
124.234,143.928858
124.361,144.485156
124.488,144.485156
124.615,144.485156
124.742,144.485156
124.869,144.485156
124.996,144.485156
125.124,144.485156
125.251,144.485156
125.378,144.485156
125.505,144.485156
127.41,144.485156
127.537,144.485156
127.664,144.485156
127.791,144.485156
127.918,144.485156
128.045,144.485156
128.172,144.485156
128.299,144.485156
128.426,143.415352
128.553,143.415352
128.68,143.158599
128.807,143.158599
128.934,141.361327
129.061,141.361327
129.188,139.478470
129.315,139.478470
129.442,139.478470
129.57,139.478470
129.697,139.478470
129.824,139.478470
129.951,139.307301
130.078,139.307301
130.205,139.136133
130.332,139.136133
130.459,136.996523
130.586,136.953731
130.713,136.953731
130.84,136.953731
130.967,137.467237
131.094,137.467237
131.221,139.478470
131.348,139.478470
131.475,139.478470
131.602,139.478470
131.729,139.478470
131.856,139.478470
131.983,139.478470
132.11,139.478470
132.237,139.478470
132.364,139.478470
132.491,139.478470
132.618,139.478470
132.745,139.307301
132.872,139.264509
132.999,138.451458
133.126,138.408665
133.253,138.408665
133.38,138.408665
133.507,138.408665
133.634,138.408665
133.761,138.408665
133.888,138.408665
134.016,138.109120
134.143,138.066328
134.27,139.178925
134.397,139.178925
134.524,139.178925
134.651,139.178925
134.778,139.178925
134.905,139.178925
135.032,139.178925
135.159,139.178925
135.286,139.178925
135.413,139.178925
135.54,139.178925
135.667,139.178925
135.794,139.178925
135.921,139.178925
136.048,137.424445
136.175,137.381653
136.302,137.552822
136.429,137.552822
136.556,137.552822
136.683,137.552822
136.81,137.809575
136.937,137.809575
137.064,137.980744
137.191,137.980744
137.318,139.178925
137.445,139.178925
137.572,139.178925
137.699,139.178925
137.826,139.178925
137.953,139.178925
138.08,139.178925
138.207,139.178925
138.335,139.178925
138.462,139.178925
138.589,139.178925
138.716,139.178925
138.843,139.178925
138.97,139.178925
139.097,139.221717
139.224,139.478470
139.351,139.478470
139.478,139.478470
139.605,139.478470
139.732,139.478470
139.859,139.478470
139.986,139.478470
140.113,139.478470
140.494,142.431131
140.621,142.473924
140.748,142.473924
140.875,142.473924
141.002,143.201391
141.129,143.244183
141.256,143.372560
141.383,143.415352
141.51,143.458144
141.637,143.458144
141.764,143.714897
141.891,143.714897
142.018,143.714897
142.145,143.714897
142.272,143.714897
142.399,143.714897
142.526,143.714897
142.653,143.714897
142.781,143.629313
142.908,143.629313
143.035,143.629313
143.162,143.629313
143.289,143.800481
143.416,143.800481
143.543,143.971650
143.67,143.971650
143.797,144.057235
143.924,144.057235
144.051,144.057235
144.178,144.057235
144.305,144.057235
144.432,144.057235
144.559,144.057235
144.686,144.057235
144.813,143.971650
144.94,143.971650
145.067,142.003209
145.194,142.003209
145.321,142.003209
145.448,142.003209
145.575,142.003209
145.702,142.003209
145.829,142.003209
145.956,142.003209
146.083,142.003209
146.21,142.003209
146.337,142.174378
146.464,142.174378
146.591,142.174378
146.718,142.174378
146.845,142.687884
146.972,142.687884
147.1,142.687884
147.227,142.687884
147.354,142.859053
147.481,142.859053
147.608,142.944638
147.735,142.944638
147.862,143.286975
147.989,143.286975
148.116,143.458144
148.243,143.458144
148.37,143.458144
148.497,143.458144
148.624,143.971650
148.751,143.971650
148.878,143.971650
149.005,143.971650
149.132,143.971650
149.259,143.971650
149.386,143.971650
149.513,143.971650
149.64,143.971650
149.767,143.971650
149.894,143.971650
150.021,143.971650
150.148,143.971650
150.275,143.971650
150.402,143.971650
150.529,143.971650
150.656,144.485156
150.783,144.485156
150.91,144.485156
151.037,144.485156
151.164,144.485156
151.291,144.485156
151.418,144.485156
151.546,144.485156
151.673,144.485156
151.8,144.485156
151.927,144.228403
152.054,144.228403
152.181,143.543728
152.308,143.543728
152.435,143.543728
152.562,143.543728
152.689,143.458144
152.816,143.458144
153.451,139.478470
153.578,139.478470
153.705,139.478470
153.832,139.478470
153.959,139.478470
154.086,139.478470
154.213,139.478470
154.34,139.478470
154.467,139.478470
154.594,139.478470
154.721,139.478470
154.848,139.478470
154.975,139.478470
155.102,139.478470
155.229,143.115806
155.356,143.115806
155.483,143.201391
155.61,143.201391
155.737,143.286975
155.865,143.286975
155.992,143.286975
156.119,143.286975
156.246,143.286975
156.373,143.286975
156.5,143.286975
156.627,143.286975
156.754,141.746456
156.881,141.746456
157.008,141.746456
157.135,141.746456
157.262,139.478470
157.389,139.478470
157.516,146.282428
157.643,146.282428
157.77,146.282428
157.897,146.282428
158.024,146.282428
158.151,146.282428
158.278,146.282428
158.405,146.282428
158.532,146.282428
158.659,146.282428
158.786,146.282428
158.913,146.282428
159.04,146.111260
159.167,146.111260
159.294,143.201391
159.421,143.201391
159.548,141.232950
159.675,141.232950
159.802,141.232950
159.929,141.232950
160.056,141.232950
160.183,141.232950
160.311,141.147366
160.438,141.147366
160.565,139.435678
160.692,139.435678
160.819,139.435678
160.946,139.435678
161.073,139.435678
161.2,139.435678
161.327,139.264509
161.454,139.264509
161.581,138.751003
161.708,138.751003
161.835,138.665419
161.962,138.665419
162.089,137.638406
162.216,137.638406
162.343,137.638406
162.47,137.638406
162.597,137.467237
162.724,137.467237
162.851,136.696978
162.978,136.696978
163.105,136.696978
163.232,136.696978
163.359,136.696978
163.486,136.696978
163.613,137.210484
163.74,137.210484
163.867,138.579834
163.994,138.579834
164.121,139.478470
164.248,139.478470
164.375,139.478470
164.502,139.478470
164.629,139.478470
164.757,139.478470
164.884,139.478470
165.011,139.478470
165.138,141.232950
165.265,141.232950
165.392,141.917625
165.519,141.917625
165.646,142.003209
165.773,142.003209
165.9,142.003209
166.027,142.003209
166.154,142.003209
166.281,142.003209
166.408,142.003209
166.535,142.003209
166.662,142.944638
166.789,142.944638
166.916,143.030222
167.043,143.030222
167.17,143.201391
167.297,143.201391
167.424,143.286975
167.551,143.286975
167.678,143.286975
167.805,143.286975
167.932,143.286975
168.059,143.286975
168.186,143.286975
168.313,143.286975
168.44,143.286975
168.567,143.286975
168.694,143.286975
168.821,143.286975
168.948,142.259963
169.076,142.259963
169.203,142.259963
169.33,142.259963
169.457,141.575288
169.584,141.575288
169.711,141.575288
169.838,141.575288
169.965,141.575288
170.092,141.575288
175.808,139.478470
175.935,139.478470
176.062,139.478470
176.189,139.478470
176.316,139.478470
176.443,139.478470
176.57,139.478470
176.697,139.478470
176.824,139.478470
176.951,139.478470
177.078,139.478470
177.205,139.478470
177.332,139.478470
177.459,139.478470
177.586,139.478470
177.713,139.478470
177.841,139.478470
177.968,139.478470
178.095,139.478470
178.222,139.478470
178.349,139.478470
178.476,139.350094
178.603,139.307301
178.73,144.485156
178.857,144.485156
178.984,144.485156
179.111,144.485156
179.238,144.485156
179.365,144.485156
179.492,144.485156
179.619,144.485156
179.746,144.485156
179.873,144.485156
180,144.485156
180.127,144.485156
180.254,144.228403
180.381,144.228403
180.508,144.228403
180.635,144.228403
180.762,144.228403
180.889,144.185611
181.016,142.345547
181.143,142.345547
181.27,142.516716
181.397,142.516716
181.524,142.516716
181.651,142.516716
181.778,144.057235
181.905,144.057235
182.032,144.057235
182.159,144.057235
182.287,144.057235
182.414,144.057235
182.541,144.057235
182.668,144.057235
182.795,144.057235
182.922,144.057235
183.049,144.057235
183.176,144.057235
183.303,144.057235
183.43,144.014442
183.557,143.286975
183.684,143.286975
183.811,143.244183
183.938,143.244183
184.065,143.244183
184.192,143.244183
184.827,143.672105
184.954,143.672105
185.081,143.672105
185.208,143.714897
185.335,143.757689
185.462,143.757689
185.589,143.757689
185.716,143.757689
185.843,143.757689
185.97,143.757689
186.097,143.757689
186.224,143.800481
186.351,144.485156
186.478,144.485156
186.606,144.485156
186.733,144.485156
186.86,144.485156
186.987,144.485156
187.114,144.485156
187.241,144.485156
187.368,144.485156
187.495,144.485156
187.622,144.485156
187.749,144.485156
187.876,143.928858
188.003,143.928858
188.13,143.158599
188.257,143.201391
188.384,147.009896
188.511,147.009896
188.638,147.009896
188.765,147.009896
188.892,147.009896
189.019,147.009896
189.146,147.009896
189.273,147.009896
189.4,147.009896
189.527,147.009896
189.654,147.009896
189.781,147.009896
189.908,147.009896
190.035,147.009896
190.162,146.154052
190.289,146.154052
190.416,143.928858
190.543,143.928858
190.67,143.928858
190.797,143.928858
190.924,143.928858
191.052,143.928858
191.179,143.928858
191.306,143.928858
191.433,143.158599
191.56,143.158599
191.687,139.307301
191.814,139.307301
191.941,139.307301
192.068,139.307301
192.195,139.307301
192.322,139.307301
192.449,139.307301
192.576,139.307301
192.957,143.244183
193.084,143.244183
193.211,143.757689
193.338,143.757689
193.465,143.757689
193.592,143.757689
193.719,143.757689
193.846,143.757689
193.973,143.757689
194.1,143.757689
194.227,149.577427
194.354,149.577427
194.481,151.631452
194.608,151.631452
194.735,151.631452
194.862,151.631452
194.989,151.631452
195.116,151.631452
195.243,151.631452
195.371,151.631452
195.498,151.545868
195.625,151.545868
195.752,147.865740
195.879,147.865740
196.006,144.485156
196.133,144.485156
196.26,144.485156
196.387,144.485156
196.514,144.485156
196.641,144.485156
196.768,143.244183
196.895,143.244183
197.022,143.244183
197.149,143.244183
197.276,143.244183
197.403,143.244183
197.53,143.244183
197.657,143.244183
197.784,143.244183
197.911,143.244183
198.038,142.645092
198.165,142.645092
198.292,142.645092
198.419,142.645092
198.546,142.559508
198.673,142.559508
198.8,141.446911
198.927,141.446911
199.054,141.960417
199.181,141.960417
199.308,141.960417
199.435,141.960417
199.562,141.960417
199.689,141.960417
199.817,141.960417
199.944,141.960417
200.071,141.960417
200.198,141.960417
200.325,141.874833
200.452,141.874833
200.579,141.275742
200.706,141.275742
200.833,141.446911
200.96,141.446911
201.087,141.446911
201.214,141.446911
201.341,141.446911
201.468,141.446911
201.595,141.446911
201.722,141.446911
201.849,141.446911
201.976,141.446911
202.103,138.879380
202.23,138.879380
202.357,138.879380
202.484,138.879380
202.865,138.451458
202.992,138.451458
203.119,138.451458
203.246,138.451458
203.373,138.451458
203.5,138.451458
203.627,138.622626
203.754,138.622626
203.881,138.879380
204.008,138.879380
204.135,138.879380
204.263,138.879380
204.39,138.879380
204.517,138.879380
204.644,138.879380
204.771,138.879380
204.898,139.050548
205.025,139.050548
205.152,139.050548
205.279,139.050548
205.406,139.050548
205.533,139.050548
205.66,139.050548
205.787,139.050548
206.168,138.194704
206.295,138.194704
206.422,138.964964
206.549,138.964964
206.676,139.221717
206.803,139.221717
206.93,139.221717
207.057,139.221717
207.184,139.221717
207.311,139.221717
207.438,139.221717
207.565,139.221717
207.692,139.221717
207.819,139.221717
207.946,139.136133
208.073,139.136133
208.2,139.478470
208.327,139.478470
208.454,139.478470
208.582,139.478470
208.709,139.478470
208.836,139.478470
208.963,139.478470
209.09,139.478470
209.979,139.221717
210.106,139.221717
210.233,139.221717
210.36,139.221717
210.487,139.221717
210.614,139.221717
210.741,139.221717
210.868,139.221717
210.995,136.654186
211.122,136.654186
211.249,136.910939
211.376,136.910939
211.503,136.910939
211.63,136.910939
211.757,136.910939
211.884,136.910939
212.011,136.910939
212.138,136.910939
212.265,136.910939
212.392,136.910939
212.519,135.969511
212.646,135.969511
213.282,135.969511
213.409,135.969511
213.536,135.969511
213.663,135.969511
213.79,136.483017
213.917,136.483017
214.044,136.483017
214.171,136.483017
214.298,136.483017
214.425,136.483017
214.552,136.483017
214.679,136.483017
214.806,136.397432
214.933,136.397432
215.06,134.343407
215.187,134.343407
215.314,134.343407
215.441,134.343407
215.568,134.343407
215.695,134.343407
215.822,134.343407
215.949,134.343407
216.076,134.343407
216.203,134.343407
217.092,136.397432
217.219,136.397432
217.347,136.483017
217.474,136.483017
217.601,136.483017
217.728,136.483017
217.855,136.483017
217.982,136.483017
218.109,136.483017
218.236,136.483017
218.363,136.483017
218.49,136.483017
218.871,135.969511
219.125,137.424445
219.252,137.424445
219.379,137.510029
219.506,137.510029
219.633,137.510029
219.76,137.510029
219.887,137.510029
220.014,137.510029
220.141,137.510029
220.268,137.510029
220.395,137.510029
220.522,137.510029
220.649,137.424445
220.776,137.424445
220.903,136.483017
221.03,136.483017
221.157,138.280289
221.284,138.280289
221.411,138.280289
221.538,138.280289
221.665,138.280289
221.793,138.280289
221.92,138.280289
222.047,138.280289
222.174,138.280289
222.301,138.280289
222.428,138.280289
222.555,138.280289
222.682,138.194704
222.809,138.194704
222.936,138.109120
223.063,138.109120
223.19,137.424445
223.317,137.424445
223.444,137.424445
223.571,137.424445
223.698,137.253276
223.825,137.253276
223.952,137.253276
224.079,137.253276
224.206,137.253276
224.333,137.253276
224.46,137.253276
224.714,136.568601
224.841,136.568601
224.968,136.568601
225.095,136.568601
225.222,136.568601
225.349,136.568601
225.476,136.568601
225.603,136.568601
225.73,134.343407
225.857,134.343407
225.984,136.525809
226.112,136.568601
226.239,136.568601
226.366,136.568601
226.493,136.568601
226.62,136.568601
226.747,136.568601
226.874,136.568601
227.001,136.055095
231.32,138.494250
231.447,138.494250
231.574,138.494250
231.701,138.494250
231.828,138.494250
231.955,138.494250
232.082,138.494250
232.209,138.451458
232.336,138.408665
233.225,135.969511
233.352,135.969511
233.479,135.969511
233.606,135.969511
233.733,135.969511
233.86,135.969511
233.987,135.969511
234.114,135.969511
234.241,136.654186
234.368,136.654186
234.495,136.739770
234.622,136.739770
234.749,136.739770
234.876,136.739770
235.004,136.739770
235.131,136.739770
235.258,136.739770
235.385,136.739770
235.512,136.739770
235.639,136.696978
236.274,134.257823
236.401,134.257823
236.528,134.343407
236.655,134.343407
236.782,134.343407
236.909,134.343407
237.036,134.343407
237.163,134.343407
237.29,134.343407
237.417,134.343407
237.544,133.744317
237.671,133.744317
237.798,133.744317
237.925,133.744317
238.052,133.701524
238.179,133.701524
238.306,133.701524
238.433,133.701524
238.56,133.615940
238.687,133.615940
238.814,133.444771
238.941,133.444771
239.068,133.444771
239.195,133.444771
239.323,133.444771
239.45,133.444771
239.577,133.359187
239.704,133.359187
239.831,132.931265
239.958,132.974057
240.085,133.615940
240.212,133.615940
240.339,133.615940
240.466,133.615940
240.593,133.615940
240.72,133.615940
240.847,133.615940
240.974,133.658732
241.101,133.701524
241.228,133.744317
241.355,136.440225
241.482,136.440225
241.609,136.440225
241.736,136.440225
241.863,136.440225
241.99,136.440225
242.117,136.440225
242.244,136.440225
242.371,136.440225
242.498,136.440225
242.625,136.440225
242.752,136.440225
243.769,135.969511
243.896,136.012303
244.023,136.012303
244.15,136.012303
244.277,136.012303
244.404,136.012303
244.531,136.055095
244.658,136.440225
244.785,136.483017
244.912,139.178925
245.039,139.221717
245.166,139.264509
245.293,139.264509
245.42,139.264509
245.547,139.264509
245.674,139.264509
245.801,139.264509
245.928,139.264509
246.055,139.264509
246.182,139.178925
246.309,139.221717
246.436,139.478470
246.563,139.478470
246.69,139.478470
246.817,139.478470
246.944,139.478470
247.071,139.478470
247.198,139.478470
247.325,139.478470
247.452,139.478470
247.579,139.478470
247.706,139.478470
247.833,139.478470
247.96,137.723990
248.088,137.723990
248.215,137.723990
248.342,137.723990
248.469,137.638406
248.596,137.638406
248.723,136.440225
248.85,136.440225
248.977,136.953731
249.104,136.953731
249.231,136.953731
249.358,136.953731
249.485,137.039315
249.612,137.039315
249.739,137.296068
249.866,137.296068
249.993,137.723990
250.12,137.723990
250.247,137.723990
250.374,137.723990
250.501,137.723990
250.628,137.723990
250.755,137.723990
250.882,137.723990
251.009,137.638406
251.136,137.638406
251.263,137.210484
251.39,137.210484
251.517,137.210484
251.644,137.210484
251.771,137.210484
251.898,137.210484
252.025,137.210484
252.152,137.210484
252.279,137.210484
252.406,137.210484
252.534,137.210484
252.661,137.210484
253.296,136.611393
253.423,136.611393
253.55,136.611393
253.677,136.611393
253.804,137.039315
253.931,137.039315
254.058,137.552822
254.185,137.552822
254.312,137.552822
254.439,137.552822
254.566,137.552822
254.693,137.552822
254.82,137.552822
254.947,137.552822
255.074,137.552822
255.201,137.552822
255.328,137.552822
255.455,137.552822
255.582,137.552822
255.709,137.552822
255.836,137.552822
255.963,137.552822
256.09,136.953731
256.217,136.953731
256.344,134.343407
256.471,134.343407
256.598,134.343407
256.725,134.343407
256.853,134.343407
256.98,134.343407
257.107,134.343407
257.234,134.343407
257.361,134.343407
257.488,134.343407
257.615,133.958278
257.742,133.958278
257.869,134.300615
257.996,134.300615
258.123,134.343407
258.25,134.343407
258.377,134.343407
258.504,134.343407
258.631,134.343407
258.758,134.343407
258.885,134.343407
259.012,134.343407
259.139,134.343407
259.266,134.343407
259.393,134.343407
259.52,134.343407
259.647,134.343407
259.774,134.343407
260.155,133.872693
260.282,133.872693
260.409,134.215031
260.536,134.215031
260.663,134.343407
260.79,134.343407
260.917,134.343407
261.044,134.343407
261.171,134.343407
261.299,134.343407
261.426,134.343407
261.553,134.343407
261.68,134.343407
261.807,134.343407
261.934,134.343407
262.061,134.343407
262.188,134.043862
262.315,134.043862
262.442,133.958278
262.569,133.958278
262.696,134.343407
262.823,134.343407
262.95,134.343407
263.077,134.343407
263.204,134.343407
263.331,134.343407
263.458,134.343407
263.585,134.343407
263.712,134.343407
263.839,134.343407
263.966,134.343407
264.093,134.343407
264.474,134.343407
264.601,134.343407
264.728,134.343407
264.855,134.343407
264.982,134.343407
265.109,134.343407
265.236,134.343407
265.363,134.343407
265.49,134.343407
265.618,134.343407
265.745,134.343407
265.872,134.343407
265.999,134.343407
266.126,134.343407
266.253,134.343407
266.38,134.343407
266.507,134.343407
266.634,134.343407
266.761,132.931265
266.888,132.931265
267.015,132.931265
267.142,132.931265
267.269,133.188018
267.396,133.188018
267.523,133.958278
267.65,133.958278
267.777,134.343407
267.904,134.343407
268.031,134.343407
268.158,134.343407
268.285,134.343407
268.412,134.343407
268.539,134.343407
268.666,134.343407
269.301,136.012303
269.428,136.012303
269.555,136.012303
269.682,136.012303
269.809,136.012303
269.936,136.012303
270.064,136.012303
270.191,136.012303
270.318,136.012303
270.445,136.012303
270.572,136.012303
270.699,136.012303
270.826,136.012303
270.953,136.012303
273.366,134.300615
273.493,134.300615
273.62,134.300615
273.747,134.300615
273.874,134.300615
274.001,134.300615
274.128,134.300615
274.255,134.300615
274.382,133.444771
274.51,133.444771
274.637,132.246590
274.764,132.246590
274.891,132.246590
275.018,132.246590
275.145,132.246590
275.272,132.246590
275.399,131.989837
275.526,131.989837
275.653,131.989837
275.78,131.989837
275.907,131.989837
276.034,131.989837
276.161,131.989837
276.288,131.989837
277.177,131.133993
277.304,131.133993
277.431,131.219577
277.558,131.219577
277.685,131.219577
277.812,131.219577
277.939,131.219577
278.066,131.219577
278.193,131.219577
278.32,131.219577
278.447,131.733084
278.574,131.733084
278.701,131.733084
278.829,131.733084
278.956,131.733084
279.083,131.733084
279.21,131.733084
279.337,131.733084
279.972,132.332174
280.099,132.332174
280.226,132.417759
280.353,132.417759
280.48,132.417759
280.607,132.417759
280.734,132.417759
280.861,132.417759
280.988,132.417759
281.115,132.417759
281.242,132.417759
281.369,132.417759
281.496,131.048409
281.623,131.048409
281.75,131.048409
281.877,131.048409
282.258,129.422305
282.385,129.422305
282.512,129.422305
282.639,129.422305
282.766,129.422305
282.893,129.422305
283.02,129.422305
283.147,129.422305
287.466,127.025943
287.594,127.154319
287.721,127.197112
287.848,127.197112
287.975,127.197112
288.102,127.197112
288.229,127.197112
288.356,127.197112
288.483,127.197112
288.61,127.239904
288.737,127.282696
288.864,127.411072
288.991,127.453865
289.118,129.422305
289.245,129.422305
289.372,129.422305
289.499,129.422305
289.626,129.422305
289.753,129.422305
289.88,129.422305
290.007,129.422305
290.134,129.422305
290.261,129.422305
290.388,129.422305
290.515,129.422305
290.642,129.422305
290.769,129.422305
290.896,131.176785
291.023,131.219577
291.15,131.219577
291.277,131.219577
291.404,131.219577
291.531,131.219577
291.658,131.219577
291.785,131.219577
291.912,131.219577
292.04,131.219577
292.167,131.219577
292.294,131.219577
292.421,131.219577
292.548,131.219577
292.675,129.422305
292.802,129.422305
292.929,129.422305
293.056,129.422305
293.183,127.967371
293.31,127.967371
293.437,127.967371
293.564,127.967371
293.691,127.796202
293.818,127.796202
293.945,127.111527
294.072,127.111527
294.199,126.512436
294.326,126.469644
294.453,126.426852
294.58,126.384060
294.707,126.384060
294.834,126.384060
294.961,126.384060
295.088,126.384060
295.215,126.384060
295.342,126.384060
295.469,126.341268
295.596,126.298476
295.723,124.116074
295.85,124.073282
295.977,123.902113
296.104,123.902113
296.231,123.902113
296.359,123.902113
296.486,123.046269
296.613,122.789516
296.74,122.789516
296.867,122.104841
296.994,122.104841
297.121,122.104841
297.248,122.104841
297.375,122.104841
297.502,122.104841
297.629,122.104841
297.756,122.104841
297.883,122.104841
298.01,122.104841
298.137,122.104841
298.264,122.104841
298.391,121.933672
298.518,121.976464
298.645,122.104841
298.772,122.147633
298.899,122.276010
299.026,122.318802
299.153,122.318802
299.28,122.318802
299.407,122.789516
299.534,122.832308
299.661,123.388607
299.788,123.902113
299.915,123.902113
300.042,123.902113
300.169,123.902113
300.296,123.902113
300.423,123.902113
300.55,124.330035
300.677,124.330035
300.805,124.330035
300.932,124.330035
301.059,124.330035
301.186,124.330035
301.313,127.667826
301.44,127.667826
301.567,127.667826
301.694,127.667826
301.821,127.667826
301.948,127.667826
302.075,127.667826
302.202,127.667826
302.329,129.422305
302.456,129.422305
302.583,129.422305
302.71,129.422305
302.837,129.422305
302.964,129.422305
303.091,129.422305
303.218,129.422305
303.345,129.422305
303.472,129.422305
303.599,129.422305
303.726,129.422305
303.853,128.224124
303.98,128.181332
304.107,128.181332
304.234,128.181332
304.361,128.052955
304.488,127.881787
304.615,127.881787
304.742,127.881787
304.869,127.881787
304.996,127.881787
305.123,127.881787
305.251,127.838994
305.378,126.940358
305.505,121.591335
305.632,121.591335
305.759,121.591335
305.886,121.591335
306.013,120.906660
306.14,120.906660
306.521,118.595881
306.648,118.595881
306.775,119.237764
306.902,119.237764
307.029,119.237764
307.156,119.237764
307.283,121.420166
307.41,121.420166
307.537,121.420166
307.664,121.420166
307.791,121.420166
307.918,121.420166
308.045,121.420166
308.172,121.420166
308.299,121.420166
308.426,121.420166
308.553,121.334581
308.68,127.924579
308.807,127.924579
308.934,127.924579
309.061,127.924579
309.188,127.924579
309.315,127.924579
309.442,128.010163
309.57,128.010163
309.697,128.010163
309.824,128.010163
309.951,128.010163
310.078,128.010163
310.205,128.010163
310.332,127.924579
310.459,127.924579
310.586,127.924579
310.713,133.401979
310.84,133.401979
310.967,136.055095
311.094,136.055095
311.221,136.055095
311.348,136.055095
311.475,141.190158
311.602,141.190158
311.729,141.190158
311.856,141.190158
311.983,141.190158
312.11,141.190158
312.237,141.190158
312.364,141.190158
312.491,141.532495
312.618,141.532495
312.745,141.703664
312.872,141.703664
312.999,141.703664
313.126,141.703664
313.253,141.703664
313.38,141.703664
313.507,141.703664
313.634,141.703664
313.761,141.703664
313.888,141.703664
314.016,141.703664
314.143,141.703664
314.27,141.532495
314.397,141.532495
314.524,139.478470
314.651,139.478470
314.778,139.478470
314.905,139.478470
315.032,139.478470
315.159,139.478470
315.286,133.658732
315.413,133.658732
315.54,129.422305
315.667,126.983151
315.794,126.983151
315.921,126.983151
316.048,126.983151
316.175,126.469644
316.302,126.469644
316.429,126.469644
316.556,126.469644
316.683,126.212891
316.81,126.212891
316.937,126.212891
317.064,126.212891
317.191,126.212891
317.318,126.212891
317.445,123.902113
317.572,123.902113
317.699,123.902113
317.826,123.902113
317.953,123.987697
318.08,123.987697
318.207,123.987697
318.335,123.987697
318.462,123.987697
318.589,123.987697
318.716,123.987697
318.843,123.987697
318.97,123.987697
319.097,123.987697
319.224,124.330035
319.351,124.330035
319.478,124.330035
319.605,124.330035
319.732,124.330035
319.859,124.330035
319.986,124.330035
320.113,124.330035
320.24,124.330035
320.367,124.330035
320.494,124.244450
320.621,124.244450
